{
  "inputs": [
    "eval/results_stage3_7model_seed42.json",
    "eval/results_stage3_7model_seed43.json",
    "eval/results_stage3_7model_seed44.json"
  ],
  "baseline": "m1",
  "n_variants": 7,
  "mean_std": {
    "micro_miou": {
      "m0": {
        "mean": 0.0,
        "std": 0.0,
        "n": 60
      },
      "m1": {
        "mean": 0.006060606059228649,
        "std": 0.04694525267063265,
        "n": 60
      },
      "m1_focal": {
        "mean": 0.06964373385572802,
        "std": 0.1362949634003712,
        "n": 60
      },
      "m1_composite": {
        "mean": 0.08209782187704355,
        "std": 0.15240460756358298,
        "n": 60
      },
      "m2": {
        "mean": 0.009848484846246557,
        "std": 0.04759348528057003,
        "n": 60
      },
      "m_full": {
        "mean": 0.016077441073833878,
        "std": 0.08002580857487182,
        "n": 60
      },
      "m_full_nocascade": {
        "mean": 0.016077441073833878,
        "std": 0.08002580857487182,
        "n": 60
      }
    },
    "meso_miou": {
      "m0": {
        "mean": 0.0,
        "std": 0.0,
        "n": 9
      },
      "m1": {
        "mean": 0.011695906426592798,
        "std": 0.0350877192797784,
        "n": 9
      },
      "m1_focal": {
        "mean": 0.2979064507640301,
        "std": 0.2369167959252135,
        "n": 9
      },
      "m1_composite": {
        "mean": 0.3310411816215516,
        "std": 0.2495100000727564,
        "n": 9
      },
      "m2": {
        "mean": 0.011695906426592798,
        "std": 0.023208344821685,
        "n": 9
      },
      "m_full": {
        "mean": 0.029239766066481994,
        "std": 0.05949412262768088,
        "n": 9
      },
      "m_full_nocascade": {
        "mean": 0.029239766066481994,
        "std": 0.05949412262768088,
        "n": 9
      }
    },
    "macro_miou": {
      "m0": {
        "mean": 0.0,
        "std": 0.0,
        "n": 6
      },
      "m1": {
        "mean": 0.0,
        "std": 0.0,
        "n": 6
      },
      "m1_focal": {
        "mean": 0.027777777754629626,
        "std": 0.06804138168727601,
        "n": 6
      },
      "m1_composite": {
        "mean": 0.0,
        "std": 0.0,
        "n": 6
      },
      "m2": {
        "mean": 0.0,
        "std": 0.0,
        "n": 6
      },
      "m_full": {
        "mean": 0.0,
        "std": 0.0,
        "n": 6
      },
      "m_full_nocascade": {
        "mean": 0.0,
        "std": 0.0,
        "n": 6
      }
    },
    "micro_soft_iou": {
      "m0": {
        "mean": 0.0756681915818979,
        "std": 0.09177731926314002,
        "n": 48
      },
      "m1": {
        "mean": 0.10367178687958238,
        "std": 0.10279011085766862,
        "n": 48
      },
      "m1_focal": {
        "mean": 0.11832148323793668,
        "std": 0.11895592288129661,
        "n": 48
      },
      "m1_composite": {
        "mean": 0.12164266895047642,
        "std": 0.10449800085241676,
        "n": 48
      },
      "m2": {
        "mean": 0.09692696110849121,
        "std": 0.1090349146841957,
        "n": 48
      },
      "m_full": {
        "mean": 0.09295285997095093,
        "std": 0.11074100862493544,
        "n": 48
      },
      "m_full_nocascade": {
        "mean": 0.09290748413427315,
        "std": 0.11063040445739485,
        "n": 48
      }
    },
    "meso_soft_iou": {
      "m0": {
        "mean": 0.15953755479336776,
        "std": 0.11557150872300422,
        "n": 9
      },
      "m1": {
        "mean": 0.21550139522832565,
        "std": 0.15186830386037556,
        "n": 9
      },
      "m1_focal": {
        "mean": 0.1770847447656687,
        "std": 0.13089514454972295,
        "n": 9
      },
      "m1_composite": {
        "mean": 0.26099301035756084,
        "std": 0.1924004144299575,
        "n": 9
      },
      "m2": {
        "mean": 0.2054846189221934,
        "std": 0.1506531996604834,
        "n": 9
      },
      "m_full": {
        "mean": 0.2143717660943669,
        "std": 0.15578748659612618,
        "n": 9
      },
      "m_full_nocascade": {
        "mean": 0.2131923181423721,
        "std": 0.15557011526648995,
        "n": 9
      }
    },
    "macro_soft_iou": {
      "m0": {
        "mean": 0.00731325037364473,
        "std": 0.008230534292181048,
        "n": 6
      },
      "m1": {
        "mean": 0.012268900163730315,
        "std": 0.01436826200523621,
        "n": 6
      },
      "m1_focal": {
        "mean": 0.008006426117582817,
        "std": 0.008843410803546357,
        "n": 6
      },
      "m1_composite": {
        "mean": 0.010032675716518209,
        "std": 0.012525218218253953,
        "n": 6
      },
      "m2": {
        "mean": 0.008824420769460826,
        "std": 0.011079780060091866,
        "n": 6
      },
      "m_full": {
        "mean": 0.009486295481853022,
        "std": 0.011827029149205486,
        "n": 6
      },
      "m_full_nocascade": {
        "mean": 0.011062978936005606,
        "std": 0.012454737841516903,
        "n": 6
      }
    },
    "pose_aware_recall_at_1": {
      "m0": {
        "mean": 0.108125,
        "std": 0.2571109966894533,
        "n": 60
      },
      "m1": {
        "mean": 0.22465277777777776,
        "std": 0.25460251560541414,
        "n": 60
      },
      "m1_focal": {
        "mean": 0.22291666666666668,
        "std": 0.2759224172120683,
        "n": 60
      },
      "m1_composite": {
        "mean": 0.20715277777777777,
        "std": 0.24077750372699774,
        "n": 60
      },
      "m2": {
        "mean": 0.2145833333333333,
        "std": 0.24519571624630138,
        "n": 60
      },
      "m_full": {
        "mean": 0.21687499999999998,
        "std": 0.2552467614905475,
        "n": 60
      },
      "m_full_nocascade": {
        "mean": 0.21354166666666663,
        "std": 0.2567722389545648,
        "n": 60
      }
    },
    "pose_aware_recall_at_5": {
      "m0": {
        "mean": 0.30999999999999994,
        "std": 0.3053703641842703,
        "n": 60
      },
      "m1": {
        "mean": 0.3558333333333333,
        "std": 0.27776410041656935,
        "n": 60
      },
      "m1_focal": {
        "mean": 0.3558333333333333,
        "std": 0.27776410041656935,
        "n": 60
      },
      "m1_composite": {
        "mean": 0.35145833333333326,
        "std": 0.27869333872201285,
        "n": 60
      },
      "m2": {
        "mean": 0.3558333333333333,
        "std": 0.27776410041656935,
        "n": 60
      },
      "m_full": {
        "mean": 0.3558333333333333,
        "std": 0.27776410041656935,
        "n": 60
      },
      "m_full_nocascade": {
        "mean": 0.3558333333333333,
        "std": 0.27776410041656935,
        "n": 60
      }
    }
  },
  "pairwise_vs_baseline": {
    "m0": {
      "micro_miou": {
        "n_pairs": 60,
        "mean_diff": -0.006060606059228649,
        "t_stat": -0.9999999999999999,
        "p_value": 0.3213942797694451,
        "stars": ""
      },
      "meso_miou": {
        "n_pairs": 9,
        "mean_diff": -0.011695906426592798,
        "t_stat": -1.0,
        "p_value": 0.34659350708733416,
        "stars": ""
      },
      "macro_miou": {
        "n_pairs": 6,
        "mean_diff": 0.0,
        "t_stat": NaN,
        "p_value": NaN,
        "stars": ""
      },
      "micro_soft_iou": {
        "n_pairs": 48,
        "mean_diff": -0.028003595297684467,
        "t_stat": -6.473844500057674,
        "p_value": 5.1443850359645464e-08,
        "stars": "***"
      },
      "meso_soft_iou": {
        "n_pairs": 9,
        "mean_diff": -0.05596384043495788,
        "t_stat": -4.196052346407242,
        "p_value": 0.0030127236065216304,
        "stars": "**"
      },
      "macro_soft_iou": {
        "n_pairs": 6,
        "mean_diff": -0.004955649790085584,
        "t_stat": -1.854256072729669,
        "p_value": 0.1228745975525789,
        "stars": ""
      },
      "pose_aware_recall_at_1": {
        "n_pairs": 60,
        "mean_diff": -0.11652777777777779,