{
  "inputs": [
    "eval/results_stage3_p0plus_v2_seed42.json",
    "eval/results_stage3_p0plus_v2_seed43.json",
    "eval/results_stage3_p0plus_v2_seed44.json"
  ],
  "baseline": "m1",
  "n_variants": 4,
  "mean_std": {
    "micro_miou": {
      "m1": {
        "mean": 0.006060606059228649,
        "std": 0.04694525267063265,
        "n": 60
      },
      "m2": {
        "mean": 0.009848484846246557,
        "std": 0.04759348528057003,
        "n": 60
      },
      "m_full": {
        "mean": 0.016077441073833878,
        "std": 0.08002580857487182,
        "n": 60
      },
      "m_full_nocascade": {
        "mean": 0.016077441073833878,
        "std": 0.08002580857487182,
        "n": 60
      }
    },
    "meso_miou": {
      "m1": {
        "mean": 0.011695906426592798,
        "std": 0.0350877192797784,
        "n": 9
      },
      "m2": {
        "mean": 0.011695906426592798,
        "std": 0.023208344821685,
        "n": 9
      },
      "m_full": {
        "mean": 0.029239766066481994,
        "std": 0.05949412262768088,
        "n": 9
      },
      "m_full_nocascade": {
        "mean": 0.029239766066481994,
        "std": 0.05949412262768088,
        "n": 9
      }
    },
    "macro_miou": {
      "m1": {
        "mean": 0.0,
        "std": 0.0,
        "n": 6
      },
      "m2": {
        "mean": 0.0,
        "std": 0.0,
        "n": 6
      },
      "m_full": {
        "mean": 0.0,
        "std": 0.0,
        "n": 6
      },
      "m_full_nocascade": {
        "mean": 0.0,
        "std": 0.0,
        "n": 6
      }
    },
    "micro_soft_iou": {
      "m1": {
        "mean": 0.10370329643184399,
        "std": 0.10279478179267425,
        "n": 48
      },
      "m2": {
        "mean": 0.09765427406423684,
        "std": 0.10854896785774948,
        "n": 48
      },
      "m_full": {
        "mean": 0.09364350568192452,
        "std": 0.11042411071951194,
        "n": 48
      },
      "m_full_nocascade": {
        "mean": 0.09367708135918774,
        "std": 0.11043304187226022,
        "n": 48
      }
    },
    "meso_soft_iou": {
      "m1": {
        "mean": 0.21522072386606064,
        "std": 0.15141789951623913,
        "n": 9
      },
      "m2": {
        "mean": 0.20515807059701371,
        "std": 0.15089131386301852,
        "n": 9
      },
      "m_full": {
        "mean": 0.21341996624355705,
        "std": 0.15578870860977545,
        "n": 9
      },
      "m_full_nocascade": {
        "mean": 0.2136570842250473,
        "std": 0.15539778986884017,
        "n": 9
      }
    },
    "macro_soft_iou": {
      "m1": {
        "mean": 0.010300247468766949,
        "std": 0.012863524389561166,
        "n": 6
      },
      "m2": {
        "mean": 0.0069809700924109985,
        "std": 0.008038784696344324,
        "n": 6
      },
      "m_full": {
        "mean": 0.009444166590125319,
        "std": 0.011904163103305093,
        "n": 6
      },
      "m_full_nocascade": {
        "mean": 0.011300032806442928,
        "std": 0.012600483136684704,
        "n": 6
      }
    },
    "pose_aware_recall_at_1": {
      "m1": {
        "mean": 0.22465277777777776,
        "std": 0.2543423395708388,
        "n": 60
      },
      "m2": {
        "mean": 0.21958333333333332,
        "std": 0.242406208200226,
        "n": 60
      },
      "m_full": {
        "mean": 0.21687499999999998,
        "std": 0.2552467614905475,
        "n": 60
      },
      "m_full_nocascade": {
        "mean": 0.21687499999999998,
        "std": 0.2552467614905475,
        "n": 60
      }
    },
    "pose_aware_recall_at_5": {
      "m1": {
        "mean": 0.3558333333333333,
        "std": 0.27776410041656935,
        "n": 60
      },
      "m2": {
        "mean": 0.3558333333333333,
        "std": 0.27776410041656935,
        "n": 60
      },
      "m_full": {
        "mean": 0.3558333333333333,
        "std": 0.27776410041656935,
        "n": 60
      },
      "m_full_nocascade": {
        "mean": 0.3558333333333333,
        "std": 0.27776410041656935,
        "n": 60
      }
    }
  },
  "pairwise_vs_baseline": {
    "m2": {
      "micro_miou": {
        "n_pairs": 60,
        "mean_diff": 0.0037878787870179067,
        "t_stat": 0.572201000053049,
        "p_value": 0.5693597583941055,
        "stars": ""
      },
      "meso_miou": {
        "n_pairs": 9,
        "mean_diff": 0.0,
        "t_stat": 0.0,
        "p_value": 1.0,
        "stars": ""
      },
      "macro_miou": {
        "n_pairs": 6,
        "mean_diff": 0.0,
        "t_stat": NaN,
        "p_value": NaN,
        "stars": ""
      },
      "micro_soft_iou": {
        "n_pairs": 48,
        "mean_diff": -0.006049022367607137,
        "t_stat": -1.7640787920771202,
        "p_value": 0.08421758729547596,
        "stars": ""
      },
      "meso_soft_iou": {
        "n_pairs": 9,
        "mean_diff": -0.010062653269046908,
        "t_stat": -1.3349979929021583,
        "p_value": 0.21861703494028992,
        "stars": ""
      },
      "macro_soft_iou": {
        "n_pairs": 6,
        "mean_diff": -0.0033192773763559506,
        "t_stat": -1.250972276077293,
        "p_value": 0.2662899250977864,
        "stars": ""
      },
      "pose_aware_recall_at_1": {
        "n_pairs": 60,
        "mean_diff": -0.005069444444444441,
        "t_stat": -0.36512603665005816,
        "p_value": 0.7163229864179539,
        "stars": ""
      },
      "pose_aware_recall_at_5": {
        "n_pairs": 60,
        "mean_diff": 0.0,
        "t_stat": NaN,
        "p_value": NaN,
        "stars": ""
      }
    },
    "m_full": {
      "micro_miou": {
        "n_pairs": 60,
        "mean_diff": 0.010016835014605228,
        "t_stat": 1.7534645122806687,
        "p_value": 0.08471605797930899,
        "stars": ""
      },
      "meso_miou": {
        "n_pairs": 9,
        "mean_diff": 0.017543859639889196,
        "t_stat": 1.0,
        "p_value": 0.34659350708733416,
        "stars": ""
      },
      "macro_miou": {
        "n_pairs": 6,
        "mean_diff": 0.0,
        "t_stat": NaN,
        "p_value": NaN,
        "stars": ""
      },
      "micro_soft_iou": {
        "n_pairs": 48,
        "mean_diff": -0.010059790749919473,
        "t_stat": -2.143185199838974,
        "p_value": 0.0373053457484553,
        "stars": "*"
      },
      "meso_soft_iou": {
        "n_pairs": 9,
        "mean_diff": -0.0018007576225035874,
        "t_stat": -0.1884666127038543,
        "p_value": 0.8552039781519749,
        "stars": ""
      },
      "macro_soft_iou": {
        "n_pairs": 6,
        "mean_diff": -0.0008560808786416298,
        "t_stat": -0.589205301653929,
        "p_value": 0.5813369143102346,
        "stars": ""
      },
      "pose_aware_recall_at_1": {
        "n_pairs": 60,
        "mean_diff": -0.007777777777777778,
        "t_stat": -0.5066610157113338,
        "p_value": 0.6142809988350173,
        "stars": ""
      },
      "pose_aware_recall_at_5": {
        "n_pairs": 60,
        "mean_diff": 0.0,
        "t_stat": NaN,
        "p_value": NaN,
        "stars": ""
      }
    },
    "m_full_nocascade": {
      "micro_miou": {
        "n_pairs": 60,
        "mean_diff": 0.010016835014605228,
        "t_stat": 1.7534645122806687,
        "p_value": 0.08471605797930899,
        "stars": ""
      },
      "meso_miou": {
        "n_pairs": 9,
        "mean_diff": 0.017543859639889196,
        "t_stat": 1.0,
        "p_value": 0.34659350708733416,
        "stars": ""
      },
      "macro_miou": {
        "n_pairs": 6,
        "mean_diff": 0.0,
        "t_stat": NaN,
        "p_value": NaN,
        "stars": ""
      },
      "micro_soft_iou": {
        "n_pairs": 48,
        "mean_diff": -0.010026215072656242,
        "t_stat": -2.1258501100974967,
        "p_value": 0.038798784812770964,
        "stars": "*"
      },
      "meso_soft_iou": {
        "n_pairs": 9,
        "mean_diff": -0.001563639641013362,
        "t_stat": -0.16652574833242673,
        "p_value": 0.8718751536967264,